House,Destination,Google_Maps_URL,URL_House_to_40E_Dundee,URL_40E_Dundee_to_2600_South_River
742 Pointe Dr,112 Old Barrington Rd,"=HYPERLINK(""https://www.google.com/maps/dir/742+Pointe+Dr+Crystal+Lake+IL/112+Old+Barrington+Rd+North+Barrington+IL"",""18 min"")","=HYPERLINK(""https://www.google.com/maps/dir/742+Pointe+Dr+Crystal+Lake+IL/40+E+Dundee+Rd+Barrington+IL"",""28 min"")","=HYPERLINK(""https://www.google.com/maps/dir/40+E+Dundee+Rd+Barrington+IL/2600+South+River+Rd+Des+Plaines+IL"",""28 min"")"
742 Pointe Dr,40 E Dundee Rd,"=HYPERLINK(""https://www.google.com/maps/dir/742+Pointe+Dr+Crystal+Lake+IL/40+E+Dundee+Rd+Barrington+IL"",""28 min"")","=HYPERLINK(""https://www.google.com/maps/dir/742+Pointe+Dr+Crystal+Lake+IL/40+E+Dundee+Rd+Barrington+IL"",""28 min"")","=HYPERLINK(""https://www.google.com/maps/dir/40+E+Dundee+Rd+Barrington+IL/2600+South+River+Rd+Des+Plaines+IL"",""28 min"")"
742 Pointe Dr,2600 South River Rd,"=HYPERLINK(""https://www.google.com/maps/dir/742+Pointe+Dr+Crystal+Lake+IL/2600+South+River+Rd+Des+Plaines+IL"",""46 min"")","=HYPERLINK(""https://www.google.com/maps/dir/742+Pointe+Dr+Crystal+Lake+IL/40+E+Dundee+Rd+Barrington+IL"",""28 min"")","=HYPERLINK(""https://www.google.com/maps/dir/40+E+Dundee+Rd+Barrington+IL/2600+South+River+Rd+Des+Plaines+IL"",""28 min"")"
742 Pointe Dr,39 E Main St,"=HYPERLINK(""https://www.google.com/maps/dir/742+Pointe+Dr+Crystal+Lake+IL/39+E+Main+St+Carpentersville+IL"",""16 min"")","=HYPERLINK(""https://www.google.com/maps/dir/742+Pointe+Dr+Crystal+Lake+IL/40+E+Dundee+Rd+Barrington+IL"",""28 min"")","=HYPERLINK(""https://www.google.com/maps/dir/40+E+Dundee+Rd+Barrington+IL/2600+South+River+Rd+Des+Plaines+IL"",""28 min"")"
,,,,
3829 Eastway Dr,112 Old Barrington Rd,"=HYPERLINK(""https://www.google.com/maps/dir/3829+Eastway+Dr+Island+Lake+IL/112+Old+Barrington+Rd+North+Barrington+IL"",""13 min"")","=HYPERLINK(""https://www.google.com/maps/dir/3829+Eastway+Dr+Island+Lake+IL/40+E+Dundee+Rd+Barrington+IL"",""28 min"")","=HYPERLINK(""https://www.google.com/maps/dir/40+E+Dundee+Rd+Barrington+IL/2600+South+River+Rd+Des+Plaines+IL"",""28 min"")"
3829 Eastway Dr,40 E Dundee Rd,"=HYPERLINK(""https://www.google.com/maps/dir/3829+Eastway+Dr+Island+Lake+IL/40+E+Dundee+Rd+Barrington+IL"",""28 min"")","=HYPERLINK(""https://www.google.com/maps/dir/3829+Eastway+Dr+Island+Lake+IL/40+E+Dundee+Rd+Barrington+IL"",""28 min"")","=HYPERLINK(""https://www.google.com/maps/dir/40+E+Dundee+Rd+Barrington+IL/2600+South+River+Rd+Des+Plaines+IL"",""28 min"")"
3829 Eastway Dr,2600 South River Rd,"=HYPERLINK(""https://www.google.com/maps/dir/3829+Eastway+Dr+Island+Lake+IL/2600+South+River+Rd+Des+Plaines+IL"",""51 min"")","=HYPERLINK(""https://www.google.com/maps/dir/3829+Eastway+Dr+Island+Lake+IL/40+E+Dundee+Rd+Barrington+IL"",""28 min"")","=HYPERLINK(""https://www.google.com/maps/dir/40+E+Dundee+Rd+Barrington+IL/2600+South+River+Rd+Des+Plaines+IL"",""28 min"")"
3829 Eastway Dr,39 E Main St,"=HYPERLINK(""https://www.google.com/maps/dir/3829+Eastway+Dr+Island+Lake+IL/39+E+Main+St+Carpentersville+IL"",""28 min"")","=HYPERLINK(""https://www.google.com/maps/dir/3829+Eastway+Dr+Island+Lake+IL/40+E+Dundee+Rd+Barrington+IL"",""28 min"")","=HYPERLINK(""https://www.google.com/maps/dir/40+E+Dundee+Rd+Barrington+IL/2600+South+River+Rd+Des+Plaines+IL"",""28 min"")"
,,,,
2308 Dawson Ln,112 Old Barrington Rd,"=HYPERLINK(""https://www.google.com/maps/dir/2308+Dawson+Ln+Algonquin+IL/112+Old+Barrington+Rd+North+Barrington+IL"",""25 min"")","=HYPERLINK(""https://www.google.com/maps/dir/2308+Dawson+Ln+Algonquin+IL/40+E+Dundee+Rd+Barrington+IL"",""25 min"")","=HYPERLINK(""https://www.google.com/maps/dir/40+E+Dundee+Rd+Barrington+IL/2600+South+River+Rd+Des+Plaines+IL"",""28 min"")"
2308 Dawson Ln,40 E Dundee Rd,"=HYPERLINK(""https://www.google.com/maps/dir/2308+Dawson+Ln+Algonquin+IL/40+E+Dundee+Rd+Barrington+IL"",""25 min"")","=HYPERLINK(""https://www.google.com/maps/dir/2308+Dawson+Ln+Algonquin+IL/40+E+Dundee+Rd+Barrington+IL"",""25 min"")","=HYPERLINK(""https://www.google.com/maps/dir/40+E+Dundee+Rd+Barrington+IL/2600+South+River+Rd+Des+Plaines+IL"",""28 min"")"
2308 Dawson Ln,2600 South River Rd,"=HYPERLINK(""https://www.google.com/maps/dir/2308+Dawson+Ln+Algonquin+IL/2600+South+River+Rd+Des+Plaines+IL"",""40 min"")","=HYPERLINK(""https://www.google.com/maps/dir/2308+Dawson+Ln+Algonquin+IL/40+E+Dundee+Rd+Barrington+IL"",""25 min"")","=HYPERLINK(""https://www.google.com/maps/dir/40+E+Dundee+Rd+Barrington+IL/2600+South+River+Rd+Des+Plaines+IL"",""28 min"")"
2308 Dawson Ln,39 E Main St,"=HYPERLINK(""https://www.google.com/maps/dir/2308+Dawson+Ln+Algonquin+IL/39+E+Main+St+Carpentersville+IL"",""14 min"")","=HYPERLINK(""https://www.google.com/maps/dir/2308+Dawson+Ln+Algonquin+IL/40+E+Dundee+Rd+Barrington+IL"",""25 min"")","=HYPERLINK(""https://www.google.com/maps/dir/40+E+Dundee+Rd+Barrington+IL/2600+South+River+Rd+Des+Plaines+IL"",""28 min"")"
,,,,
649 Cary Woods Cir,112 Old Barrington Rd,"=HYPERLINK(""https://www.google.com/maps/dir/649+Cary+Woods+Cir+Cary+IL/112+Old+Barrington+Rd+North+Barrington+IL"",""12 min"")","=HYPERLINK(""https://www.google.com/maps/dir/649+Cary+Woods+Cir+Cary+IL/40+E+Dundee+Rd+Barrington+IL"",""23 min"")","=HYPERLINK(""https://www.google.com/maps/dir/40+E+Dundee+Rd+Barrington+IL/2600+South+River+Rd+Des+Plaines+IL"",""28 min"")"
649 Cary Woods Cir,40 E Dundee Rd,"=HYPERLINK(""https://www.google.com/maps/dir/649+Cary+Woods+Cir+Cary+IL/40+E+Dundee+Rd+Barrington+IL"",""23 min"")","=HYPERLINK(""https://www.google.com/maps/dir/649+Cary+Woods+Cir+Cary+IL/40+E+Dundee+Rd+Barrington+IL"",""23 min"")","=HYPERLINK(""https://www.google.com/maps/dir/40+E+Dundee+Rd+Barrington+IL/2600+South+River+Rd+Des+Plaines+IL"",""28 min"")"
649 Cary Woods Cir,2600 South River Rd,"=HYPERLINK(""https://www.google.com/maps/dir/649+Cary+Woods+Cir+Cary+IL/2600+South+River+Rd+Des+Plaines+IL"",""45 min"")","=HYPERLINK(""https://www.google.com/maps/dir/649+Cary+Woods+Cir+Cary+IL/40+E+Dundee+Rd+Barrington+IL"",""23 min"")","=HYPERLINK(""https://www.google.com/maps/dir/40+E+Dundee+Rd+Barrington+IL/2600+South+River+Rd+Des+Plaines+IL"",""28 min"")"
649 Cary Woods Cir,39 E Main St,"=HYPERLINK(""https://www.google.com/maps/dir/649+Cary+Woods+Cir+Cary+IL/39+E+Main+St+Carpentersville+IL"",""19 min"")","=HYPERLINK(""https://www.google.com/maps/dir/649+Cary+Woods+Cir+Cary+IL/40+E+Dundee+Rd+Barrington+IL"",""23 min"")","=HYPERLINK(""https://www.google.com/maps/dir/40+E+Dundee+Rd+Barrington+IL/2600+South+River+Rd+Des+Plaines+IL"",""28 min"")"
,,,,
195 Tollview Ter,112 Old Barrington Rd,"=HYPERLINK(""https://www.google.com/maps/dir/195+Tollview+Ter+Gilberts+IL/112+Old+Barrington+Rd+North+Barrington+IL"",""33 min"")","=HYPERLINK(""https://www.google.com/maps/dir/195+Tollview+Ter+Gilberts+IL/40+E+Dundee+Rd+Barrington+IL"",""28 min"")","=HYPERLINK(""https://www.google.com/maps/dir/40+E+Dundee+Rd+Barrington+IL/2600+South+River+Rd+Des+Plaines+IL"",""28 min"")"
195 Tollview Ter,40 E Dundee Rd,"=HYPERLINK(""https://www.google.com/maps/dir/195+Tollview+Ter+Gilberts+IL/40+E+Dundee+Rd+Barrington+IL"",""28 min"")","=HYPERLINK(""https://www.google.com/maps/dir/195+Tollview+Ter+Gilberts+IL/40+E+Dundee+Rd+Barrington+IL"",""28 min"")","=HYPERLINK(""https://www.google.com/maps/dir/40+E+Dundee+Rd+Barrington+IL/2600+South+River+Rd+Des+Plaines+IL"",""28 min"")"
195 Tollview Ter,2600 South River Rd,"=HYPERLINK(""https://www.google.com/maps/dir/195+Tollview+Ter+Gilberts+IL/2600+South+River+Rd+Des+Plaines+IL"",""35 min"")","=HYPERLINK(""https://www.google.com/maps/dir/195+Tollview+Ter+Gilberts+IL/40+E+Dundee+Rd+Barrington+IL"",""28 min"")","=HYPERLINK(""https://www.google.com/maps/dir/40+E+Dundee+Rd+Barrington+IL/2600+South+River+Rd+Des+Plaines+IL"",""28 min"")"
195 Tollview Ter,39 E Main St,"=HYPERLINK(""https://www.google.com/maps/dir/195+Tollview+Ter+Gilberts+IL/39+E+Main+St+Carpentersville+IL"",""13 min"")","=HYPERLINK(""https://www.google.com/maps/dir/195+Tollview+Ter+Gilberts+IL/40+E+Dundee+Rd+Barrington+IL"",""28 min"")","=HYPERLINK(""https://www.google.com/maps/dir/40+E+Dundee+Rd+Barrington+IL/2600+South+River+Rd+Des+Plaines+IL"",""28 min"")"
,,,,
515 Eichler Dr,112 Old Barrington Rd,"=HYPERLINK(""https://www.google.com/maps/dir/515+Eichler+Dr+West+Dundee+IL/112+Old+Barrington+Rd+North+Barrington+IL"",""25 min"")","=HYPERLINK(""https://www.google.com/maps/dir/515+Eichler+Dr+West+Dundee+IL/40+E+Dundee+Rd+Barrington+IL"",""19 min"")","=HYPERLINK(""https://www.google.com/maps/dir/40+E+Dundee+Rd+Barrington+IL/2600+South+River+Rd+Des+Plaines+IL"",""28 min"")"
515 Eichler Dr,40 E Dundee Rd,"=HYPERLINK(""https://www.google.com/maps/dir/515+Eichler+Dr+West+Dundee+IL/40+E+Dundee+Rd+Barrington+IL"",""19 min"")","=HYPERLINK(""https://www.google.com/maps/dir/515+Eichler+Dr+West+Dundee+IL/40+E+Dundee+Rd+Barrington+IL"",""19 min"")","=HYPERLINK(""https://www.google.com/maps/dir/40+E+Dundee+Rd+Barrington+IL/2600+South+River+Rd+Des+Plaines+IL"",""28 min"")"
515 Eichler Dr,2600 South River Rd,"=HYPERLINK(""https://www.google.com/maps/dir/515+Eichler+Dr+West+Dundee+IL/2600+South+River+Rd+Des+Plaines+IL"",""30 min"")","=HYPERLINK(""https://www.google.com/maps/dir/515+Eichler+Dr+West+Dundee+IL/40+E+Dundee+Rd+Barrington+IL"",""19 min"")","=HYPERLINK(""https://www.google.com/maps/dir/40+E+Dundee+Rd+Barrington+IL/2600+South+River+Rd+Des+Plaines+IL"",""28 min"")"
515 Eichler Dr,39 E Main St,"=HYPERLINK(""https://www.google.com/maps/dir/515+Eichler+Dr+West+Dundee+IL/39+E+Main+St+Carpentersville+IL"",""4 min"")","=HYPERLINK(""https://www.google.com/maps/dir/515+Eichler+Dr+West+Dundee+IL/40+E+Dundee+Rd+Barrington+IL"",""19 min"")","=HYPERLINK(""https://www.google.com/maps/dir/40+E+Dundee+Rd+Barrington+IL/2600+South+River+Rd+Des+Plaines+IL"",""28 min"")"
,,,,
1441 Meadowsedge Ln,112 Old Barrington Rd,"=HYPERLINK(""https://www.google.com/maps/dir/1441+Meadowsedge+Ln+Carpentersville+IL/112+Old+Barrington+Rd+North+Barrington+IL"",""28 min"")","=HYPERLINK(""https://www.google.com/maps/dir/1441+Meadowsedge+Ln+Carpentersville+IL/40+E+Dundee+Rd+Barrington+IL"",""26 min"")","=HYPERLINK(""https://www.google.com/maps/dir/40+E+Dundee+Rd+Barrington+IL/2600+South+River+Rd+Des+Plaines+IL"",""28 min"")"
1441 Meadowsedge Ln,40 E Dundee Rd,"=HYPERLINK(""https://www.google.com/maps/dir/1441+Meadowsedge+Ln+Carpentersville+IL/40+E+Dundee+Rd+Barrington+IL"",""26 min"")","=HYPERLINK(""https://www.google.com/maps/dir/1441+Meadowsedge+Ln+Carpentersville+IL/40+E+Dundee+Rd+Barrington+IL"",""26 min"")","=HYPERLINK(""https://www.google.com/maps/dir/40+E+Dundee+Rd+Barrington+IL/2600+South+River+Rd+Des+Plaines+IL"",""28 min"")"
1441 Meadowsedge Ln,2600 South River Rd,"=HYPERLINK(""https://www.google.com/maps/dir/1441+Meadowsedge+Ln+Carpentersville+IL/2600+South+River+Rd+Des+Plaines+IL"",""34 min"")","=HYPERLINK(""https://www.google.com/maps/dir/1441+Meadowsedge+Ln+Carpentersville+IL/40+E+Dundee+Rd+Barrington+IL"",""26 min"")","=HYPERLINK(""https://www.google.com/maps/dir/40+E+Dundee+Rd+Barrington+IL/2600+South+River+Rd+Des+Plaines+IL"",""28 min"")"
1441 Meadowsedge Ln,39 E Main St,"=HYPERLINK(""https://www.google.com/maps/dir/1441+Meadowsedge+Ln+Carpentersville+IL/39+E+Main+St+Carpentersville+IL"",""10 min"")","=HYPERLINK(""https://www.google.com/maps/dir/1441+Meadowsedge+Ln+Carpentersville+IL/40+E+Dundee+Rd+Barrington+IL"",""26 min"")","=HYPERLINK(""https://www.google.com/maps/dir/40+E+Dundee+Rd+Barrington+IL/2600+South+River+Rd+Des+Plaines+IL"",""28 min"")"
,,,,
45 Golfview Rd,112 Old Barrington Rd,"=HYPERLINK(""https://www.google.com/maps/dir/45+Golfview+Rd+Lake+Zurich+IL/112+Old+Barrington+Rd+North+Barrington+IL"",""7 min"")","=HYPERLINK(""https://www.google.com/maps/dir/45+Golfview+Rd+Lake+Zurich+IL/40+E+Dundee+Rd+Barrington+IL"",""19 min"")","=HYPERLINK(""https://www.google.com/maps/dir/40+E+Dundee+Rd+Barrington+IL/2600+South+River+Rd+Des+Plaines+IL"",""28 min"")"
45 Golfview Rd,40 E Dundee Rd,"=HYPERLINK(""https://www.google.com/maps/dir/45+Golfview+Rd+Lake+Zurich+IL/40+E+Dundee+Rd+Barrington+IL"",""19 min"")","=HYPERLINK(""https://www.google.com/maps/dir/45+Golfview+Rd+Lake+Zurich+IL/40+E+Dundee+Rd+Barrington+IL"",""19 min"")","=HYPERLINK(""https://www.google.com/maps/dir/40+E+Dundee+Rd+Barrington+IL/2600+South+River+Rd+Des+Plaines+IL"",""28 min"")"
45 Golfview Rd,2600 South River Rd,"=HYPERLINK(""https://www.google.com/maps/dir/45+Golfview+Rd+Lake+Zurich+IL/2600+South+River+Rd+Des+Plaines+IL"",""40 min"")","=HYPERLINK(""https://www.google.com/maps/dir/45+Golfview+Rd+Lake+Zurich+IL/40+E+Dundee+Rd+Barrington+IL"",""19 min"")","=HYPERLINK(""https://www.google.com/maps/dir/40+E+Dundee+Rd+Barrington+IL/2600+South+River+Rd+Des+Plaines+IL"",""28 min"")"
45 Golfview Rd,39 E Main St,"=HYPERLINK(""https://www.google.com/maps/dir/45+Golfview+Rd+Lake+Zurich+IL/39+E+Main+St+Carpentersville+IL"",""31 min"")","=HYPERLINK(""https://www.google.com/maps/dir/45+Golfview+Rd+Lake+Zurich+IL/40+E+Dundee+Rd+Barrington+IL"",""19 min"")","=HYPERLINK(""https://www.google.com/maps/dir/40+E+Dundee+Rd+Barrington+IL/2600+South+River+Rd+Des+Plaines+IL"",""28 min"")"
